관할동,설치위치도로명주소,관리부서연락처
녹번동,서울특별시 은평구 통일로 63길 15,02-351-5021
녹번동,서울특별시 은평구 은평로21가길 22-3,02-351-5021
녹번동,서울특별시 은평구 은평로13길 27,02-351-5021
녹번동,서울특별시 은평구 은평로 195,02-351-5021
녹번동,서울특별시 은평구 진흥로12길 9,02-351-5021
녹번동,서울특별시 은평구 진흥로12가길 19,02-351-5021
녹번동,서울특별시 은평구 녹번로9길 11,02-351-5021
녹번동,서울특별시 은평구 녹번로9길 17,02-351-5021
녹번동,서울특별시 은평구 녹번로6길 12-18,02-351-5021
녹번동,서울특별시 은평구 진흥로12가길 15,02-351-5021
녹번동,서울특별시 은평구 녹번로 6길5,02-351-5021
불광1동,서울특별시 은평구 불광로11길 5,02-351-5054
불광1동,서울특별시 은평구 통일로68가길 3,02-351-5054
불광1동,서울특별시 은평구 불광로 40-3,02-351-5054
불광1동,서울특별시 은평구 불광로13가길 24-1,02-351-5054
불광1동,서울특별시 은평구 통일로68길 12-6,02-351-5054
불광1동,서울특별시 은평구 통일로68가길 3-11,02-351-5054
불광1동,서울특별시 은평구 통일로68길 25,02-351-5054
불광1동,서울특별시 은평구 통일로72길 30-33,02-351-5054
불광1동,서울특별시 은평구 통일로68가길 20,02-351-5054
불광1동,서울특별시 은평구 연서로32길 15-1,02-351-5054
불광1동,서울특별시 은평구 통일로78길 16,02-351-5054
불광1동,서울특별시 은평구 통일로78길 27,02-351-5054
불광1동,서울특별시 은평구 불광로5길 10-5,02-351-5054
불광1동,서울특별시 은평구 불광로9길 5,02-351-5054
불광1동,서울특별시 은평구 진흥로19길 22,02-351-5054
불광1동,서울특별시 은평구 통일로72길 30-14,02-351-5054
불광2동,서울특별시 은평구 통일로80길 27,02-351-5082
불광2동,서울특별시 은평구 통일로82나길 9,02-351-5082
불광2동,서울특별시 은평구 연서로41가길23-1,02-351-5082
불광2동,서울특별시 은평구 연서로41길 39-3,02-351-5082
불광2동,서울특별시 은평구 통일로88길 31-1,02-351-5082
불광2동,서울특별시 은평구 연서로253-14,02-351-5082
불광2동,서울특별시 은평구 불광로18길 43,02-351-5082
불광2동,서울특별시 은평구 연서로308,02-351-5082
불광2동,서울특별시 은평구 통일로82가길 8-1,02-351-5082
불광2동,서울특별시 은평구 통일로80길 13,02-351-5082
갈현1동,서울특별시 은평구 갈현로45길 14-20,02-351-5094
갈현1동,서울특별시 은평구 갈현로41길 45,02-351-5094
갈현1동,서울특별시 은평구 갈현로41길 57-2,02-351-5094
갈현1동,서울특별시 은평구 갈현로41길 50-2,02-351-5094
갈현1동,서울특별시 은평구 갈현로41길 9-4,02-351-5094
갈현1동,서울특별시 은평구 갈현동 산 3-6,02-351-5094
갈현1동,서울특별시 은평구 통일로89길 18-14,02-351-5094
갈현1동,서울특별시 은평구 갈현로45길 3,02-351-5094
갈현1동,서울특별시 은평구 통일로87길 18,02-351-5094
갈현2동,서울특별시 은평구 연서로21길 15,02-351-5142
갈현2동,서울특별시 은평구 갈현로29길 52,02-351-5142
갈현2동,서울특별시 은평구 갈현로29길 45,02-351-5142
갈현2동,서울특별시 은평구 갈현로25길 11-8,02-351-5142
갈현2동,서울특별시 은평구 서오릉로18길 33-4,02-351-5142
갈현2동,서울특별시 은평구 연서로19길 13,02-351-5142
갈현2동,서울특별시 은평구 갈현로27길 35,02-351-5142
갈현2동,서울특별시 은평구 연서로21길 24-13,02-351-5142
갈현2동,서울특별시 은평구 연서로21길 24-13,02-351-5142
구산동,서울특별시 은평구 서오릉로13길 10,02-351-5155
구산동,서울특별시 은평구 갈현로11가길 15,02-351-5155
구산동,서울특별시 은평구 서오릉로23길 13,02-351-5155
구산동,서울특별시 은평구 연서로11길 16,02-351-5155
구산동,서울특별시 은평구 서오릉로157-9,02-351-5155
구산동,서울특별시 은평구 서오릉로17길 15-29,02-351-5155
구산동,서울특별시 은평구 갈현로15길 18,02-351-5155
구산동,서울특별시 은평구 서오릉로11길 22-1,02-351-5155
구산동,서울특별시 은평구 연서로15길 40,02-351-5155
구산동,서울특별시 은평구 서오릉로17길 28-20,02-351-5155
대조동,서울특별시 은평구 연서로26길 9-11,02-351-5186
대조동,서울특별시 은평구 통일로71길 24-30,02-351-5186
대조동,서울특별시 은평구 역말로9길 40-58,02-351-5186
대조동,서울특별시 은평구 통일로69길 30,02-351-5186
대조동,서울특별시 은평구 연서로26길 26-3,02-351-5186
대조동,서울특별시 은평구 통일로69길 20,02-351-5186
대조동,서울특별시 은평구 통일로73길 29 앞전주,02-351-5186
대조동,서울특별시 은평구 통일로67길 12,02-351-5186
대조동,서울특별시 은평구 역말로9길 32,02-351-5186
대조동,서울특별시 은평구 통일로67길 9,02-351-5186
대조동,서울특별시 은평구 대조동 240-3,02-351-5186
응암1동,서울특별시 은평구 은평로6길 8-6,02-351-5214
응암1동,서울특별시 은평구 응암로32길 23,02-351-5214
응암1동,서울특별시 은평구 은평로12길 5,02-351-5214
응암1동,서울특별시 은평구 은평로18길 6,02-351-5214
응암1동,서울특별시 은평구 은평로4길 21-9,02-351-5214
응암1동,서울특별시 은평구 응암로318,02-351-5214
응암2동,서울특별시 은평구 응암로14길 15-27,02-351-5246
응암2동,서울특별시 은평구 백련산로4길 11-30,02-351-5246
응암2동,서울특별시 은평구 응암로20길 34-11,02-351-5246
응암2동,서울특별시 은평구 응암로16길 22-29,02-351-5246
응암2동,서울특별시 은평구 백련산로4길23,02-351-5246
응암2동,서울특별시 은평구 백련산로4길11,02-351-5246
응암2동,서울특별시 은평구 응암로22길 백련산 자이아파트 소공원 앞,02-351-5246
응암2동,서울특별시 은평구 응암로22길33,02-351-5246
응암2동,서울특별시 은평구 응암로24길14,02-351-5246
응암2동,서울특별시 은평구 응암로16길23,02-351-5246
응암2동,서울특별시 은평구 응암로20길20,02-351-5246
응암2동,서울특별시 은평구 백련산로91-14,02-351-5246
응암2동,서울특별시 은평구 응암로 28-40,02-351-5246
응암2동,서울특별시 은평구 응암로 22길 8,02-351-5246
응암3동,서울특별시 은평구 응암로12길 12-43,02-351-5294
응암3동,서울특별시 은평구 응암로12길 32-1,02-351-5294
응암3동,서울특별시 은평구 가좌로7나길 30,02-351-5294
응암3동,서울특별시 은평구 가좌로7라길 14,02-351-5294
응암3동,서울특별시 은평구 응암로25길 8,02-351-5294
응암3동,서울특별시 은평구 가좌로9길 11,02-351-5294
응암3동,서울특별시 은평구 가좌로244-18,02-351-5294
응암3동,서울특별시 은평구 가좌로7나길 7-2,02-351-5294
응암3동,서울특별시 은평구 응암로14길 11,02-351-5294
응암3동,서울특별시 은평구 응암로29길 15,02-351-5294
역촌동,서울특별시 은평구 진흥로7가길 12-14,02-351-5323
역촌동,서울특별시 은평구 연서로3길 23,02-351-5323
역촌동,서울특별시 은평구 진흥로7나길 14,02-351-5323
역촌동,서울특별시 은평구 갈현로14길 7,02-351-5323
역촌동,서울특별시 은평구 역말로4길 4,02-351-5323
역촌동,서울특별시 은평구 진흥로1길 32-25,02-351-5323
역촌동,서울특별시 은평구 연서로3길 18,02-351-5323
역촌동,서울특별시 은평구 연서로8길 12-3,02-351-5323
역촌동,서울특별시 은평구 갈현로9길 7,02-351-5323
역촌동,서울특별시 은평구 연서로2길 20,02-351-5323
역촌동,서울특별시 은평구 은평로3길 23-7,02-351-5323
역촌동,서울특별시 은평구 연서로3나길 5-1,02-351-5323
역촌동,서울특별시 은평구 연서로6길 6,02-351-5323
역촌동,서울특별시 은평구 연서로6길 16,02-351-5323
역촌동,서울특별시 은평구 갈현로14길 29,02-351-5323
역촌동,서울특별시 은평구 진흥로7가길 3-3,02-351-5323
역촌동,서울특별시 은평구 역말로79 골목 안쪽 전주앞,02-351-5323
역촌동,서울특별시 은평구 연서로10길 7-17,02-351-5323
역촌동,서울특별시 은평구 연서로3길 27,02-351-5323
신사1동,서울특별시 은평구 갈현로 10-8,02-351-5354
신사1동,서울특별시 은평구 은평로 53-2,02-351-5354
신사1동,서울특별시 은평구 갈현로 7-6,02-351-5354
신사1동,서울특별시 은평구 갈현로3길6-3,02-351-5354
신사1동,서울특별시 은평구 증산로19길 14,02-351-5354
신사1동,서울특별시 은평구 갈현로 7-3,02-351-5354
신사1동,서울특별시 은평구 갈현로2가길 4 A동앞,02-351-5354
신사1동,서울특별시 은평구 갈현로 1길 28,02-351-5354
신사2동,서울특별시 은평구 증산로17길 7,02-351-5366
신사2동,서울특별시 은평구 증산로15길 66,02-351-5366
신사2동,서울특별시 은평구 증산로17가길 11,02-351-5366
신사2동,서울특별시 은평구 은평터널로7가길 2,02-351-5366
신사2동,서울특별시 은평구 증산로17길 47,02-351-5366
신사2동,서울특별시 은평구 가좌로 275-3,02-351-5366
신사2동,서울특별시 은평구 은평터널로5길 16,02-351-5366
신사2동,서울특별시 은평구 증산로17가길 4,02-351-5366
신사2동,서울특별시 은평구 은평터널로7길 7-5,02-351-5366
신사2동,서울특별시 은평구 은평터널로 186,02-351-5366
신사2동,서울특별시 은평구 증산로17가길 2-1,02-351-5366
신사2동,서울특별시 은평구 증산로15가길 15,02-351-5366
증산동,서울특별시 은평구 증산로서길 125-39,02-351-5396
증산동,서울특별시 은평구 증산서길 125-63,02-351-5396
증산동,서울특별시 은평구 증산로13가길 20-1,02-351-5396
증산동,서울특별시 은평구 증산로7길32-12,02-351-5396
증산동,서울특별시 은평구 증산로13길 28,02-351-5396
증산동,서울특별시 은평구 증산서길 125-69,02-351-5396
증산동,서울특별시 은평구 증산로9길 38,02-351-5396
증산동,서울특별시 은평구 증산로253,02-351-5396
증산동,서울특별시 은평구 증산로7길 6-13,02-351-5396
증산동,서울특별시 은평구 증산로5길 13,02-351-5396
증산동,서울특별시 은평구 증산로3길 8-22,02-351-5396
증산동,서울특별시 은평구 증산서길 63-12,02-351-5396
증산동,서울특별시 은평구 증산로291,02-351-5396
증산동,서울특별시 은평구 증산로13길 4,02-351-5396
수색동,서울특별시 은평구 은평터널로2길 15,02-351-5426
수색동,서울특별시 은평구 수색로22길 5-1,02-351-5426
수색동,서울특별시 은평구 수색로22길 27,02-351-5426
진관동,서울특별시 은평구 진관동 125-22,02-351-5474
진관동,서울특별시 은평구 연서로54길 삼천교,02-351-5474
