지역아이디,상습지역지수합계,상습지역지수평균,다발지역지수,지오메트리
50f913f9-28-20211104180343-481,13.33333333,13.33333333,14,MULTIPOLYGON (((126.815457095772 37.5707882352037,126.815461119085 37.5703375821795,126.816027400464 37.5703408930313,126.816023209512 37.5707915460555,126.815457095772 37.5707882352037)))
80f913f9-5-20211104180324-495,13.33333333,13.33333333,20,MULTIPOLYGON (((126.81488679108 37.5712355773762,126.814890814393 37.5707849662615,126.815457095772 37.5707882352037,126.81545290482 37.571238888228,126.81488679108 37.5712355773762)))
40f913f9-1-20211104180323-39,16.12903226,16.12903226,14,MULTIPOLYGON (((126.832610995896 37.5519582897201,126.832615103029 37.5515076786054,126.833181049131 37.5515108637286,126.833177109637 37.5519614748433,126.832610995896 37.5519582897201)))
70f913f9-15-20211104180334-442,41.93548387,41.93548387,14,MULTIPOLYGON (((126.808084373739 37.5720972789322,126.808088480871 37.5716465839984,126.80865476225 37.5716499367597,126.808650487479 37.5721005478744,126.808084373739 37.5720972789322)))
00f913f9-10-20211104180329-36,16.12903226,16.12903226,15,MULTIPOLYGON (((126.833181049131 37.5515108637286,126.833185156264 37.5510602107044,126.833751102366 37.5510633958276,126.833747162872 37.5515140488518,126.833181049131 37.5515108637286)))
60f913f9-14-20211104180332-428,19.35483871,19.35483871,10,MULTIPOLYGON (((126.806402628686 37.57028473428,126.806406651999 37.5698340812558,126.806972933378 37.5698373921075,126.806968742426 37.5702880032222,126.806402628686 37.57028473428)))
c0f913f9-15-20211104180334-437,41.93548387,41.93548387,12,MULTIPOLYGON (((126.807518176179 37.5720939680804,126.807522367131 37.5716433150562,126.808088480871 37.5716465839984,126.808084373739 37.5720972789322,126.807518176179 37.5720939680804)))
60f913f9-0-20211104180322-164,12.90322581,12.90322581,16,MULTIPOLYGON (((126.84795658423 37.5448332529258,126.847960607544 37.5443826418111,126.848526553646 37.5443857850248,126.848522697971 37.5448363961395,126.84795658423 37.5448332529258)))
30f913f9-29-20211104180344-496,10,10,14,MULTIPOLYGON (((126.816729384855 37.5554728636311,126.816733408168 37.5550222106069,126.817299521909 37.5550254795491,126.817295330957 37.5554760906638,126.816729384855 37.5554728636311)))
60f913f9-21-20211104180334-201,16.66666667,16.66666667,15,MULTIPOLYGON (((126.859233680581 37.5498524203663,126.859237620076 37.5494017673421,126.859803566178 37.5494048267367,126.859799794322 37.5498555216705,126.859233680581 37.5498524203663)))
f0f913f9-26-20211104180342-473,29.03225806,29.03225806,14,MULTIPOLYGON (((126.813134470402 37.5770841341359,126.813138577534 37.5766334811117,126.813704858913 37.5766367500539,126.813700584142 37.5770874449877,126.813134470402 37.5770841341359)))
40f913f9-26-20211104180342-449,10,10,12,MULTIPOLYGON (((126.81031161305 37.5761663576477,126.810315804002 37.5757157046235,126.810882085381 37.5757189735657,126.810877894429 37.5761696684995,126.81031161305 37.5761663576477)))
e0f913f9-3-20211104180322-160,12.90322581,12.90322581,24,MULTIPOLYGON (((126.848526553646 37.5443857850248,126.848530409321 37.5439351320006,126.849096439243 37.5439381913952,126.849092499748 37.544388886329,126.848526553646 37.5443857850248)))
f0f913f9-22-20211104180344-107,45.16129032,45.16129032,21,MULTIPOLYGON (((126.844046174942 37.5389528868436,126.844050030617 37.5385021919098,126.844615976719 37.5385053351235,126.844612121044 37.5389560300573,126.844046174942 37.5389528868436)))
20f913f9-27-20211104180343-143,45.16129032,45.16129032,17,MULTIPOLYGON (((126.84460818155 37.5394066830815,126.844612121044 37.5389560300573,126.845177983327 37.5389591313614,126.845174127652 37.5394098262952,126.84460818155 37.5394066830815)))
d0f913f9-3-20211104180322-102,23.33333333,23.33333333,54,MULTIPOLYGON (((126.840741861072 37.5285690080042,126.840745716747 37.52811835498,126.84131166285 37.5281215401032,126.841307639536 37.5285721931274,126.840741861072 37.5285690080042)))
70f913f9-3-20211104180322-480,19.35483871,19.35483871,14,MULTIPOLYGON (((126.813126172318 37.5779854401844,126.81313027945 37.5775347452506,126.813696560829 37.5775380561024,126.813692369877 37.5779887091266,126.813126172318 37.5779854401844)))
70f913f9-29-20211104180344-40,16.12903226,16.12903226,13,MULTIPOLYGON (((126.832619126343 37.5510570255812,126.832623065837 37.5506063306474,126.833189095758 37.5506095157706,126.833185156264 37.5510602107044,126.832619126343 37.5510570255812)))
30f913f9-2-20211104180322-130,45.16129032,45.16129032,41,MULTIPOLYGON (((126.844612121044 37.5389560300573,126.844615976719 37.5385053351235,126.845182006641 37.5385084783372,126.845177983327 37.5389591313614,126.844612121044 37.5389560300573)))
40f913f9-24-20211104180342-478,12.90322581,12.90322581,26,MULTIPOLYGON (((126.814357725351 37.5671764731254,126.814361916303 37.5667258201012,126.814928030043 37.5667291728625,126.814923922911 37.5671798258867,126.814357725351 37.5671764731254)))
20f913f9-28-20211104180343-40,16.12903226,16.12903226,60,MULTIPOLYGON (((126.832615103029 37.5515076786054,126.832619126343 37.5510570255812,126.833185156264 37.5510602107044,126.833181049131 37.5515108637286,126.832615103029 37.5515076786054)))
f0f913f9-11-20211104180329-38,16.12903226,16.12903226,14,MULTIPOLYGON (((126.833185156264 37.5510602107044,126.833189095758 37.5506095157706,126.83375512568 37.5506127008938,126.833751102366 37.5510633958276,126.833185156264 37.5510602107044)))
90f913f9-14-20211104180332-443,41.93548387,41.93548387,30,MULTIPOLYGON (((126.808080182787 37.5725479319564,126.808084373739 37.5720972789322,126.808650487479 37.5721005478744,126.808646464166 37.5725512008986,126.808080182787 37.5725479319564)))
c0f913f9-29-20211104180344-479,13.33333333,13.33333333,44,MULTIPOLYGON (((126.814895089164 37.5703343132373,126.814899112477 37.5698837021226,126.815465393856 37.5698869710648,126.815461119085 37.5703375821795,126.814895089164 37.5703343132373)))
50f913f9-2-20211104180322-156,12.90322581,12.90322581,36,MULTIPOLYGON (((126.848522697971 37.5448363961395,126.848526553646 37.5443857850248,126.849092499748 37.544388886329,126.849088644073 37.5448395393532,126.848522697971 37.5448363961395)))
30f913f9-13-20211104180328-33,16.12903226,16.12903226,12,MULTIPOLYGON (((126.833177109637 37.5519614748433,126.833181049131 37.5515108637286,126.833747162872 37.5515140488518,126.833743055739 37.5519646599665,126.833177109637 37.5519614748433)))
70f913f9-9-20211104180328-49,13.33333333,13.33333333,10,MULTIPOLYGON (((126.835513229871 37.5438625866286,126.835517169365 37.5434119336044,126.836083199287 37.5434151187276,126.836079092154 37.5438657717518,126.835513229871 37.5438625866286)))
c0f913f9-1-20211104180323-36,16.12903226,16.12903226,14,MULTIPOLYGON (((126.832049073108 37.5515044515727,126.832053012602 37.5510537566389,126.832619126343 37.5510570255812,126.832615103029 37.5515076786054,126.832049073108 37.5515044515727)))
f0f913f9-28-20211104180343-475,13.33333333,13.33333333,14,MULTIPOLYGON (((126.814890814393 37.5707849662615,126.814895089164 37.5703343132373,126.815461119085 37.5703375821795,126.815457095772 37.5707882352037,126.814890814393 37.5707849662615)))
a0f913f9-0-20211104180322-67,13.33333333,13.33333333,22,MULTIPOLYGON (((126.835441229323 37.5519742153361,126.835445168817 37.5515236042214,126.836011282558 37.5515267893446,126.836007175425 37.5519774423689,126.835441229323 37.5519742153361)))
b0f913f9-24-20211104180342-167,22.58064516,22.58064516,35,MULTIPOLYGON (((126.851184538962 37.5642299827022,126.851188394637 37.5637792877684,126.851754592197 37.5637823890726,126.851750568883 37.5642330420968,126.851184538962 37.5642299827022)))
10f913f9-27-20211104180343-104,23.33333333,23.33333333,12,MULTIPOLYGON (((126.840175914969 37.5285658647905,126.840179938283 37.5281152117663,126.840745716747 37.52811835498,126.840741861072 37.5285690080042,126.840175914969 37.5285658647905)))
10f913f9-29-20211104180344-24,70.96774194,70.96774194,22,MULTIPOLYGON (((126.830193655021 37.5690700707813,126.830197594515 37.5686194596666,126.830763875894 37.5686226447898,126.830759768761 37.5690733397236,126.830193655021 37.5690700707813)))
20f913f9-1-20211104180323-183,13.33333333,13.33333333,10,MULTIPOLYGON (((126.850275353925 37.5385366834414,126.850279293419 37.5380860304172,126.850845071883 37.5380890898118,126.850841300027 37.5385397847456,126.850275353925 37.5385366834414)))
f0f913f9-29-20211104180344-466,29.03225806,29.03225806,10,MULTIPOLYGON (((126.81313027945 37.5775347452506,126.813134470402 37.5770841341359,126.813700584142 37.5770874449877,126.813696560829 37.5775380561024,126.81313027945 37.5775347452506)))
d0f913f9-4-20211104180323-87,10.71428571,10.71428571,10,MULTIPOLYGON (((126.838454439695 37.5312602694758,126.838458546828 37.530809574542,126.839024325292 37.5308127596652,126.839020385798 37.531263454599,126.838454439695 37.5312602694758)))
