"년월","기관/유형","한국어","영어","일본어","중국어","베트남어","타갈로그어","몽골어","프랑스어","러시아어","우즈벡어","태국어","네팔어","인도네시아어","파키스탄어(우르두어)","아랍어","스페인어","기타언어","합계"
"202502","SNS","0","0","0","0","0","0","0","0","0","1","0","0","0","0","0","0","0","1"
"202502","게시판","0","0","0","0","0","0","0","0","0","0","0","0","0","0","0","0","0","0"
"202502","문자","0","1","0","0","0","0","0","0","0","0","0","0","0","0","0","0","0","1"
"202502","방문","20","44","4","42","2","29","0","0","9","3","0","0","0","0","0","0","0","153"
"202502","이동상담","0","0","0","0","0","0","0","0","0","0","0","0","0","0","0","0","0","0"
"202502","이메일","6","6","0","0","0","0","0","0","1","0","0","0","0","0","0","0","0","13"
"202502","전화","84","78","4","73","4","117","0","0","45","26","0","0","0","0","0","0","0","431"
"202502","화상상담","0","0","0","0","0","0","0","0","0","0","0","0","0","0","0","0","0","0"
"202501","SNS","0","0","0","0","0","0","0","0","0","0","0","0","0","0","0","0","0","0"
"202501","게시판","0","0","0","0","0","0","0","0","0","0","0","0","0","0","0","0","0","0"
"202501","문자","0","0","0","0","0","0","0","0","0","0","0","0","0","0","0","0","0","0"
"202501","방문","40","21","1","67","0","18","0","0","3","0","0","0","0","0","0","0","0","150"
"202501","이동상담","0","0","0","0","0","0","0","0","0","0","0","0","0","0","0","0","0","0"
"202501","이메일","0","4","0","0","0","0","0","0","0","0","0","0","0","0","0","0","0","4"
"202501","전화","73","55","4","68","0","112","0","0","26","0","0","0","0","0","0","0","0","338"
"202501","화상상담","0","0","0","0","0","0","0","0","0","0","0","0","0","0","0","0","0","0"
"202412","SNS","0","0","0","0","0","0","0","0","0","0","0","0","0","0","0","0","0","0"
"202412","게시판","0","0","0","0","0","0","0","0","0","0","0","0","0","0","0","0","0","0"
"202412","문자","0","0","0","0","0","0","0","0","0","0","0","0","0","0","0","0","0","0"
"202412","방문","20","30","5","49","0","23","0","0","4","0","0","0","0","0","0","0","0","131"
"202412","이동상담","0","0","0","0","0","0","0","0","0","0","0","0","0","0","0","0","0","0"
"202412","이메일","0","0","0","0","0","0","0","0","0","0","0","0","0","0","0","0","0","0"
"202412","전화","52","46","5","87","0","95","0","0","35","0","0","0","0","0","0","0","0","320"
"202412","화상상담","0","0","0","0","0","0","0","0","0","0","0","0","0","0","0","0","0","0"
"202411","SNS","0","0","0","0","0","0","0","0","0","0","0","0","0","0","0","0","0","0"
"202411","게시판","0","0","0","0","0","0","0","0","0","0","0","0","0","0","0","0","0","0"
"202411","문자","0","0","0","0","0","0","0","0","0","0","0","0","0","0","0","0","0","0"
"202411","방문","24","22","2","62","0","42","0","0","7","0","0","0","0","0","0","0","0","159"
"202411","이동상담","0","0","0","0","0","0","0","0","0","0","0","0","0","0","0","0","0","0"
"202411","이메일","0","0","0","0","0","0","0","0","1","0","0","0","0","0","0","0","0","1"
"202411","전화","59","60","3","71","0","93","0","0","40","0","0","0","0","0","0","0","0","326"
"202411","화상상담","0","0","0","0","0","0","0","0","0","0","0","0","0","0","0","0","0","0"
"202410","SNS","0","0","0","0","0","0","0","0","0","0","0","0","0","0","0","0","0","0"
"202410","게시판","0","0","0","0","0","0","0","0","0","0","0","0","0","0","0","0","0","0"
"202410","문자","0","0","0","0","0","0","0","0","0","0","0","0","0","0","0","0","0","0"
"202410","방문","19","20","11","68","0","54","0","0","14","0","0","0","0","0","0","0","0","186"
"202410","이동상담","0","0","0","0","0","0","0","0","0","0","0","0","0","0","0","0","0","0"
"202410","이메일","0","0","0","0","0","0","0","0","1","0","0","0","0","0","0","0","0","1"
"202410","전화","33","57","9","95","0","96","0","0","49","0","0","0","0","0","0","0","0","339"
"202410","화상상담","0","0","0","0","0","0","0","0","0","0","0","0","0","0","0","0","0","0"
"202409","SNS","0","0","0","0","0","0","0","0","0","0","0","0","0","0","0","0","0","0"
"202409","게시판","0","0","0","0","0","0","0","0","0","0","0","0","0","0","0","0","0","0"
"202409","문자","0","0","0","0","0","0","0","0","0","0","0","0","0","0","0","0","0","0"
"202409","방문","16","18","1","41","0","36","0","0","10","0","0","0","0","0","0","0","0","122"
"202409","이동상담","0","0","0","0","0","0","0","0","0","0","0","0","0","0","0","0","0","0"
"202409","이메일","0","0","0","0","0","0","0","0","0","0","0","0","0","0","0","0","0","0"
"202409","전화","21","49","8","58","0","114","0","0","25","0","0","0","0","0","0","0","0","275"
"202409","화상상담","0","0","0","0","0","0","0","0","0","0","0","0","0","0","0","0","0","0"
"202408","SNS","0","0","0","0","0","0","0","0","0","0","0","0","0","0","0","0","0","0"
"202408","게시판","0","0","0","0","0","0","0","0","0","0","0","0","0","0","0","0","0","0"
"202408","문자","0","0","0","0","0","0","0","0","0","0","0","0","0","0","0","0","0","0"
"202408","방문","27","33","3","85","0","39","0","0","13","0","0","0","0","0","0","0","0","200"
"202408","이동상담","0","0","0","0","0","0","0","0","0","0","0","0","0","0","0","0","0","0"
"202408","이메일","0","0","0","0","0","0","0","0","0","0","0","0","0","0","0","0","0","0"
"202408","전화","25","48","7","67","6","149","0","0","43","0","0","0","0","0","0","0","0","345"
"202408","화상상담","0","0","0","0","0","0","0","0","0","0","0","0","0","0","0","0","0","0"
"202407","SNS","0","0","0","0","0","0","0","0","0","0","0","0","0","0","0","0","0","0"
"202407","게시판","0","0","0","0","0","0","0","0","0","0","0","0","0","0","0","0","0","0"
"202407","문자","0","0","0","0","0","0","0","0","0","0","0","0","0","0","0","0","0","0"
"202407","방문","14","48","6","94","0","31","0","0","10","0","0","0","0","0","0","0","0","203"
"202407","이동상담","0","0","0","0","0","0","0","0","0","0","0","0","0","0","0","0","0","0"
"202407","이메일","0","0","0","0","0","0","0","0","0","0","0","0","0","0","0","0","0","0"
"202407","전화","49","107","11","102","9","200","0","0","36","0","0","0","0","0","0","0","0","514"
"202407","화상상담","0","0","0","0","0","0","0","0","0","0","0","0","0","0","0","0","0","0"
"202406","SNS","0","0","0","0","0","0","0","0","0","0","0","0","0","0","0","0","0","0"
"202406","게시판","0","0","0","0","0","0","0","0","0","0","0","0","0","0","0","0","0","0"
"202406","문자","0","0","0","0","0","0","0","0","0","0","0","0","0","0","0","0","0","0"
"202406","방문","8","18","7","55","0","42","0","0","11","0","0","0","0","0","0","0","0","141"
"202406","이동상담","0","0","0","0","0","0","0","0","0","0","0","0","0","0","0","0","0","0"
"202406","이메일","1","0","0","0","0","0","0","0","0","0","0","0","0","0","0","0","0","1"
"202406","전화","25","80","16","81","7","176","0","0","32","0","0","0","0","0","0","0","0","417"
"202406","화상상담","0","0","0","0","0","0","0","0","0","0","0","0","0","0","0","0","0","0"
"202405","SNS","0","0","0","0","0","0","0","0","0","0","0","0","0","0","0","0","0","0"
"202405","게시판","0","0","0","0","0","0","0","0","0","0","0","0","0","0","0","0","0","0"
"202405","문자","0","0","0","0","0","0","0","0","0","0","0","0","0","0","0","0","0","0"
"202405","방문","16","26","10","27","0","24","0","0","10","0","0","0","0","0","0","0","0","113"
"202405","이동상담","0","0","0","0","0","0","0","0","0","0","0","0","0","0","0","0","0","0"
"202405","이메일","0","0","0","0","0","0","0","0","0","0","0","0","0","0","0","0","0","0"
"202405","전화","34","63","9","50","24","158","0","0","44","0","0","0","0","0","0","0","0","382"
"202405","화상상담","0","0","0","0","0","0","0","0","0","0","0","0","0","0","0","0","0","0"
"202404","SNS","0","0","0","0","0","0","0","0","0","0","0","0","0","0","0","0","0","0"
"202404","게시판","0","0","0","0","0","0","0","0","0","0","0","0","0","0","0","0","0","0"
"202404","문자","0","0","0","0","0","0","0","0","0","0","0","0","0","0","0","0","0","0"
"202404","방문","8","30","8","48","1","42","0","0","13","0","0","0","0","0","0","0","0","150"
"202404","이동상담","0","0","0","0","0","0","0","0","0","0","0","0","0","0","0","0","0","0"
"202404","이메일","0","0","0","0","0","0","0","0","0","0","0","0","0","0","0","0","0","0"
"202404","전화","32","107","14","128","11","152","0","0","70","0","0","0","0","0","0","0","0","514"
"202404","화상상담","0","0","0","0","0","0","0","0","0","0","0","0","0","0","0","0","0","0"
"202403","SNS","0","0","0","0","0","0","0","0","0","0","0","0","0","0","0","0","0","0"
"202403","게시판","0","0","0","0","0","0","0","0","0","0","0","0","0","0","0","0","0","0"
"202403","문자","0","0","0","0","0","0","0","0","0","0","0","0","0","0","0","0","0","0"
"202403","방문","5","19","18","39","0","6","0","0","3","0","0","0","0","0","0","0","0","90"
"202403","이동상담","0","0","0","0","0","0","0","0","0","0","0","0","0","0","0","0","0","0"
"202403","이메일","0","0","0","0","0","0","0","0","0","0","0","0","0","0","0","0","0","0"
"202403","전화","17","104","17","131","0","179","0","0","48","0","0","0","0","0","0","0","0","496"
"202403","화상상담","0","0","0","0","0","0","0","0","0","0","0","0","0","0","0","0","0","0"
"202402","SNS","0","0","0","0","0","0","0","0","0","0","0","0","0","0","0","0","0","0"
"202402","게시판","0","0","0","0","0","0","0","0","0","0","0","0","0","0","0","0","0","0"
"202402","문자","0","0","0","1","0","0","0","0","0","0","0","0","0","0","0","0","0","1"
"202402","방문","6","27","14","31","0","15","0","0","1","0","0","0","0","0","0","0","0","94"
"202402","이동상담","0","0","0","0","0","0","0","0","0","0","0","0","0","0","0","0","0","0"
"202402","이메일","2","3","0","0","0","1","0","0","1","0","0","0","0","0","0","0","0","7"
"202402","전화","23","110","10","89","0","143","0","0","41","0","0","0","0","0","0","0","0","416"
"202402","화상상담","0","0","0","0","0","0","0","0","0","0","0","0","0","0","0","0","0","0"
"202401","SNS","0","0","0","0","0","0","0","0","0","0","0","0","0","0","0","0","0","0"
"202401","게시판","0","0","0","0","0","0","0","0","0","0","0","0","0","0","0","0","0","0"
"202401","문자","0","0","0","0","0","0","0","0","0","0","0","0","0","0","0","0","0","0"
"202401","방문","16","32","12","1","0","23","0","0","8","0","0","0","0","0","0","0","0","92"
"202401","이동상담","0","0","0","0","0","0","0","0","0","0","0","0","0","0","0","0","0","0"
"202401","이메일","0","0","0","0","0","1","0","0","0","0","0","0","0","0","0","0","0","1"
"202401","전화","17","51","7","57","0","84","0","0","54","0","0","0","0","0","0","0","0","270"
"202401","화상상담","0","0","0","0","0","0","0","0","0","0","0","0","0","0","0","0","0","0"
"202312","SNS","0","0","0","0","0","0","0","0","0","0","0","0","0","0","0","8","0","8"
"202312","게시판","0","0","0","0","0","0","0","0","0","0","0","0","0","0","0","0","0","0"
"202312","문자","0","0","0","0","0","0","0","0","0","0","0","0","0","0","0","0","0","0"
"202312","방문","7","16","10","2","0","32","0","0","7","0","0","0","0","0","0","4","0","78"
"202312","이동상담","0","0","0","0","0","0","0","0","0","0","0","0","0","0","0","0","0","0"
"202312","이메일","0","2","0","0","0","0","0","0","0","0","0","0","0","0","0","1","0","3"
"202312","전화","16","67","10","45","0","166","0","0","51","0","0","0","0","0","0","5","0","360"
"202312","화상상담","0","0","0","0","0","0","0","0","0","0","0","0","0","0","0","0","0","0"
"202311","SNS","0","0","0","0","0","0","0","0","0","0","0","0","0","0","0","3","0","3"
"202311","게시판","0","0","0","0","0","0","0","0","0","0","0","0","0","0","0","0","0","0"
"202311","문자","0","0","0","0","0","0","0","0","0","0","0","0","0","0","0","0","0","0"
"202311","방문","5","14","9","10","0","40","0","0","8","0","0","0","0","0","0","8","0","94"
"202311","이동상담","0","0","0","0","0","0","0","0","0","0","0","0","0","0","0","0","0","0"
"202311","이메일","2","1","1","0","0","0","0","0","0","0","0","0","0","0","0","1","0","5"
"202311","전화","24","77","12","65","0","162","0","0","69","0","0","0","0","0","0","8","0","417"
"202311","화상상담","0","0","0","0","0","0","0","0","0","0","0","0","0","0","0","0","0","0"
"202310","SNS","1","0","0","0","0","0","0","0","0","0","0","0","0","0","0","3","0","4"
"202310","게시판","0","0","0","0","0","0","0","0","0","0","0","0","0","0","0","0","0","0"
"202310","문자","0","0","0","0","0","0","0","0","0","0","0","0","0","0","0","0","0","0"
"202310","방문","11","14","6","6","0","35","0","0","10","0","0","0","0","0","0","12","0","94"
"202310","이동상담","0","0","0","0","0","0","0","0","0","0","0","0","0","0","0","0","0","0"
"202310","이메일","3","1","2","0","0","0","0","0","0","0","0","0","0","0","0","1","0","7"
"202310","전화","13","35","9","80","0","161","0","0","75","0","0","0","0","0","0","8","0","381"
"202310","화상상담","0","0","0","0","0","0","0","0","0","0","0","0","0","0","0","0","0","0"
"202309","SNS","0","0","0","0","0","0","0","0","0","0","0","0","0","0","0","2","0","2"
"202309","게시판","0","0","0","0","0","0","0","0","0","0","0","0","0","0","0","0","0","0"
"202309","문자","0","0","0","0","0","0","0","0","0","0","0","0","0","0","0","0","0","0"
"202309","방문","16","18","4","4","0","44","0","0","6","0","0","0","0","0","0","9","0","101"
"202309","이동상담","0","0","0","0","0","0","0","0","0","0","0","0","0","0","0","0","0","0"
"202309","이메일","0","0","0","0","0","0","0","0","0","0","0","0","0","0","0","3","0","3"
"202309","전화","18","33","11","64","0","109","0","0","52","0","0","0","0","0","0","13","0","300"
"202309","화상상담","0","0","0","0","0","0","0","0","0","0","0","0","0","0","0","0","0","0"
"202308","SNS","0","0","0","0","0","0","0","0","0","0","0","0","0","0","0","3","0","3"
"202308","게시판","0","0","0","0","0","0","0","0","0","0","0","0","0","0","0","0","0","0"
"202308","문자","0","0","0","0","0","0","0","0","0","0","0","0","0","0","0","0","0","0"
"202308","방문","14","22","3","6","0","23","0","0","6","0","0","0","0","0","0","7","0","81"
"202308","이동상담","0","0","0","0","0","0","0","0","0","0","0","0","0","0","0","0","0","0"
"202308","이메일","0","0","0","0","0","1","0","0","0","0","0","0","0","0","0","0","0","1"
"202308","전화","21","39","7","78","0","107","0","0","34","0","0","0","0","0","0","16","0","302"
"202308","화상상담","0","0","0","0","0","0","0","0","0","0","0","0","0","0","0","0","0","0"
"202307","SNS","4","0","0","0","0","0","0","0","0","0","0","0","0","0","0","0","0","4"
"202307","게시판","0","0","0","0","0","0","0","0","0","0","0","0","0","0","0","0","0","0"
"202307","문자","0","2","0","0","0","0","0","0","0","0","0","0","0","0","0","0","0","2"
"202307","방문","17","37","18","11","0","43","0","0","0","0","0","0","0","0","0","4","0","130"
"202307","이동상담","0","0","0","0","0","0","0","0","0","0","0","0","0","0","0","0","0","0"
"202307","이메일","1","3","0","0","0","0","0","0","0","0","0","0","0","0","0","0","0","4"
"202307","전화","32","73","13","70","0","197","0","0","0","0","0","0","0","0","0","20","0","405"
"202307","화상상담","0","0","0","0","0","0","0","0","0","0","0","0","0","0","0","0","0","0"
"202306","SNS","0","0","0","0","0","0","0","0","0","0","0","0","0","0","0","0","0","0"
"202306","게시판","0","0","0","0","0","0","0","0","0","0","0","0","0","0","0","0","0","0"
"202306","문자","0","2","0","0","0","0","0","0","0","0","0","0","0","0","0","0","0","2"
"202306","방문","36","42","11","3","0","44","0","0","1","0","0","0","0","0","0","2","0","139"
"202306","이동상담","0","0","0","0","0","0","0","0","0","0","0","0","0","0","0","0","0","0"
"202306","이메일","4","3","1","0","0","0","0","0","0","0","0","0","0","0","0","0","0","8"
"202306","전화","25","60","9","63","0","233","0","0","18","0","0","0","0","0","0","23","0","431"
"202306","화상상담","0","0","0","0","0","0","0","0","0","0","0","0","0","0","0","0","0","0"
"202305","SNS","0","1","0","0","0","0","0","0","0","0","0","0","0","0","0","0","0","1"
"202305","게시판","0","0","0","0","0","0","0","0","0","0","0","0","0","0","0","0","0","0"
"202305","문자","0","0","0","0","0","0","0","0","0","0","0","0","0","0","0","0","0","0"
"202305","방문","7","37","8","5","2","29","0","0","14","1","0","0","0","0","0","3","0","106"
"202305","이동상담","0","0","0","0","0","0","0","0","0","0","0","0","0","0","0","0","0","0"
"202305","이메일","1","1","0","0","0","0","0","0","0","0","0","0","0","0","0","1","0","3"
"202305","전화","50","86","26","75","14","181","0","0","205","8","0","0","0","0","0","7","0","652"
"202305","화상상담","0","0","0","0","0","0","0","0","0","0","0","0","0","0","0","0","0","0"
"202304","SNS","0","0","0","0","0","0","0","0","0","0","0","0","0","0","0","1","0","1"
"202304","게시판","0","0","0","0","0","0","0","0","0","0","0","0","0","0","0","0","0","0"
"202304","문자","0","0","0","0","0","0","0","0","0","0","0","0","0","0","0","0","0","0"
"202304","방문","14","28","15","24","9","30","0","0","10","5","0","0","0","0","0","1","0","136"
"202304","이동상담","0","0","0","0","0","0","0","0","0","0","0","0","0","0","0","0","0","0"
"202304","이메일","0","11","0","0","0","0","0","0","0","0","0","0","0","0","0","1","0","12"
"202304","전화","27","85","24","98","123","164","0","0","149","65","0","0","0","0","0","2","0","737"
"202304","화상상담","0","0","0","0","0","0","0","0","0","0","0","0","0","0","0","0","0","0"
"202303","SNS","0","0","0","0","0","0","0","0","0","0","4","0","0","0","0","8","0","12"
"202303","게시판","0","0","0","0","0","0","0","0","0","0","0","0","0","0","0","0","0","0"
"202303","문자","1","2","0","0","0","0","1","0","0","0","0","0","0","0","0","2","0","6"
"202303","방문","3","35","11","18","17","54","56","0","22","5","0","0","0","0","0","1","0","222"
"202303","이동상담","0","0","0","0","0","0","0","0","0","0","0","0","0","0","0","0","0","0"
"202303","이메일","1","20","0","0","0","0","0","0","0","0","0","0","0","0","0","0","0","21"
"202303","전화","27","115","38","109","196","166","61","0","248","244","15","0","0","0","0","3","0","1222"
"202303","화상상담","0","0","0","0","0","0","0","0","0","0","0","0","0","0","0","0","0","0"
"202302","SNS","0","0","0","0","0","0","3","0","0","0","29","0","0","0","0","14","0","46"
"202302","게시판","0","0","0","0","0","0","0","0","0","0","0","0","0","0","0","0","0","0"
"202302","문자","1","1","0","0","0","0","0","0","0","0","0","0","0","0","0","0","0","2"
"202302","방문","6","37","19","16","17","12","28","0","8","5","0","0","0","0","0","3","0","151"
"202302","이동상담","0","0","0","0","0","0","0","0","0","0","0","0","0","0","0","0","0","0"
"202302","이메일","0","12","0","0","0","0","0","0","0","0","0","0","0","0","0","1","0","13"
"202302","전화","33","64","29","103","202","136","75","0","167","168","71","0","0","0","0","3","0","1051"
"202302","화상상담","0","0","0","0","0","0","0","0","0","0","0","0","0","0","0","0","0","0"
"202301","SNS","0","0","0","0","1","0","0","0","0","0","20","0","0","0","0","0","0","21"
"202301","게시판","0","0","0","0","0","0","0","0","0","0","0","0","0","0","0","0","0","0"
"202301","문자","0","2","2","0","0","0","0","0","0","0","0","0","0","0","0","0","0","4"
"202301","방문","4","38","12","32","5","24","26","0","3","0","0","0","0","0","0","0","0","144"
"202301","이동상담","0","0","0","0","0","0","0","0","0","0","0","0","0","0","0","0","0","0"
"202301","이메일","0","22","0","0","0","2","1","0","0","0","0","0","0","0","0","0","0","25"
"202301","전화","24","111","41","90","163","208","98","0","175","212","38","0","0","0","0","0","0","1160"
"202301","화상상담","0","0","0","0","0","0","0","0","0","0","0","0","0","0","0","0","0","0"
"202212","SNS","0","0","1","0","2","0","0","0","0","0","35","0","0","0","0","0","0","38"
"202212","게시판","0","0","0","0","0","0","0","0","0","0","0","0","0","0","0","0","0","0"
"202212","문자","0","2","1","0","0","0","1","0","0","0","0","0","0","0","0","0","0","4"
"202212","방문","22","74","17","29","22","37","30","0","7","2","2","0","0","0","1","3","0","246"
"202212","이동상담","0","0","0","0","0","0","0","0","0","0","0","0","0","0","0","0","0","0"
"202212","이메일","0","26","0","0","0","0","1","0","0","0","0","0","0","0","0","0","0","27"
"202212","전화","24","199","41","191","206","150","98","0","246","233","102","0","0","0","5","4","0","1499"
"202212","화상상담","0","0","0","0","0","0","0","0","0","0","0","0","0","0","0","0","0","0"
"202211","SNS","0","1","0","0","2","0","0","0","0","0","18","0","0","0","0","11","0","32"
"202211","게시판","0","0","0","0","0","0","0","0","0","0","0","0","0","0","0","0","0","0"
"202211","문자","0","2","1","0","0","0","0","0","0","0","0","0","0","0","0","2","0","5"
"202211","방문","13","95","16","36","15","48","33","0","13","9","6","0","0","0","3","3","0","290"
"202211","이동상담","0","0","0","0","0","0","0","0","0","0","0","0","0","0","0","0","0","0"
"202211","이메일","0","25","0","0","0","0","3","0","0","0","0","0","0","0","0","0","0","28"
"202211","전화","50","209","53","157","201","140","91","0","257","246","82","0","0","0","15","8","0","1509"
"202211","화상상담","0","0","0","0","0","0","0","0","0","0","0","0","0","0","0","0","0","0"
"202210","SNS","0","0","0","0","0","1","1","0","0","0","8","0","0","0","1","8","0","19"
"202210","게시판","0","0","0","0","0","0","0","0","0","0","0","0","0","0","0","0","0","0"
"202210","문자","1","11","4","0","0","0","0","0","0","0","0","0","0","0","0","0","0","16"
"202210","방문","18","115","24","67","16","60","26","0","22","5","0","0","0","0","0","3","0","356"
"202210","이동상담","0","0","0","0","0","0","0","0","0","0","0","0","0","0","0","0","0","0"
"202210","이메일","1","27","0","0","0","0","1","0","0","0","0","0","0","0","1","1","0","31"
"202210","전화","42","223","55","145","237","163","151","0","287","267","66","0","5","0","9","5","0","1655"
"202210","화상상담","0","0","0","0","0","0","0","0","0","0","0","0","0","0","0","0","0","0"
"202209","SNS","0","4","0","0","2","0","1","0","0","0","14","0","1","0","0","10","0","32"
"202209","게시판","0","0","0","0","0","0","0","0","0","0","0","0","0","0","0","0","0","0"
"202209","문자","0","4","1","0","0","2","0","0","1","0","0","0","0","0","0","0","0","8"
"202209","방문","14","47","18","46","17","64","49","0","16","6","2","0","0","0","3","1","0","283"
"202209","이동상담","0","0","0","0","0","0","0","0","0","0","0","0","0","0","0","0","0","0"
"202209","이메일","3","28","0","0","0","1","2","0","1","0","1","0","0","0","0","4","0","40"
"202209","전화","39","255","56","197","199","111","84","0","243","232","124","0","9","0","3","4","0","1556"
"202209","화상상담","0","0","0","0","0","0","0","0","0","0","0","0","0","0","0","0","0","0"
"202208","SNS","0","1","2","0","1","0","1","0","1","0","13","0","0","0","0","6","0","25"
"202208","게시판","0","0","0","0","0","0","0","0","0","0","0","0","0","0","0","0","0","0"
"202208","문자","1","22","1","0","0","0","0","0","0","0","0","0","0","0","0","2","0","26"
"202208","방문","21","109","38","72","19","29","29","0","13","6","5","0","3","0","2","1","0","347"
"202208","이동상담","0","0","0","0","0","0","0","0","0","0","0","0","0","0","0","0","0","0"
"202208","이메일","2","59","0","0","0","0","2","0","0","0","0","0","1","0","0","6","0","70"
"202208","전화","44","224","58","203","184","101","170","0","283","270","142","0","18","0","10","13","0","1720"
"202208","화상상담","0","0","0","0","0","0","0","0","0","0","0","0","0","0","0","0","0","0"
"202207","SNS","0","0","1","0","7","11","0","0","0","0","29","0","0","0","4","1","0","53"
"202207","게시판","0","0","0","0","0","0","0","0","0","0","0","0","0","0","0","0","0","0"
"202207","문자","3","10","4","0","0","0","0","0","0","0","0","0","0","0","0","0","0","17"
"202207","방문","21","101","31","30","12","47","14","0","12","4","2","0","0","0","4","5","0","283"
"202207","이동상담","0","0","0","0","0","0","0","0","0","0","0","0","0","0","0","0","0","0"
"202207","이메일","4","42","0","0","0","0","0","0","0","0","0","0","3","0","0","2","0","51"
"202207","전화","35","238","65","138","156","142","145","0","296","215","161","0","20","0","9","11","0","1631"
"202207","화상상담","0","0","0","0","0","0","0","0","0","0","0","0","0","0","0","0","0","0"
"202206","SNS","0","1","2","0","2","0","1","0","0","0","40","0","1","0","0","5","0","52"
"202206","게시판","0","0","0","0","0","0","0","0","0","0","0","0","0","0","0","0","0","0"
"202206","방문","29","86","57","57","9","101","19","0","13","5","3","0","8","0","1","0","0","388"
"202206","이동상담","0","0","0","0","0","0","0","0","0","0","0","0","0","0","0","0","0","0"
"202206","이메일","3","39","0","0","0","0","1","0","0","0","0","0","1","0","0","1","0","45"
"202206","전화","47","199","56","137","174","136","86","0","272","295","110","0","7","0","11","7","0","1537"
"202206","화상상담","0","0","0","0","0","0","0","0","0","0","0","0","0","0","0","0","0","0"
"202205","SNS","0","1","0","0","3","0","0","0","0","1","19","0","4","0","0","0","0","28"
"202205","게시판","0","0","0","0","0","0","0","0","0","0","0","0","0","0","0","0","0","0"
"202205","방문","13","86","22","52","7","32","27","0","16","4","1","0","0","0","1","1","0","262"
"202205","이동상담","0","0","0","0","0","0","0","0","0","0","0","0","0","0","0","0","0","0"
"202205","이메일","2","28","0","0","0","0","0","0","0","0","0","0","2","0","0","1","0","33"
"202205","전화","36","225","49","154","193","141","87","0","362","310","87","0","10","0","7","7","0","1668"
"202205","화상상담","0","0","0","0","0","0","0","0","0","0","0","0","0","0","0","0","0","0"
"202204","SNS","0","0","3","0","1","1","0","0","0","0","50","0","2","0","0","1","0","58"
"202204","게시판","0","0","0","0","0","0","0","0","0","0","0","0","0","0","0","0","0","0"
"202204","방문","9","61","16","50","11","52","57","0","13","3","0","0","0","0","2","0","0","274"
"202204","이동상담","0","0","0","0","0","0","0","0","0","0","0","0","0","0","0","0","0","0"
"202204","이메일","13","105","0","0","0","0","0","0","0","0","0","0","0","0","0","1","0","119"
"202204","전화","36","232","47","153","261","215","103","0","314","191","147","0","16","0","9","2","0","1726"
"202204","화상상담","0","0","0","0","0","0","0","0","0","0","0","0","0","0","0","0","0","0"
"202203","SNS","0","1","0","0","1","0","0","0","0","5","72","0","4","0","0","0","0","83"
"202203","게시판","0","0","0","0","0","0","0","0","0","0","0","0","0","0","0","0","0","0"
"202203","방문","6","71","17","43","13","22","56","0","20","8","0","0","0","0","0","0","0","256"
"202203","이동상담","0","0","0","0","0","0","0","0","0","0","0","0","0","0","0","0","0","0"
"202203","이메일","0","29","0","0","0","0","0","0","0","0","0","0","0","0","0","0","0","29"
"202203","전화","47","311","60","207","339","233","111","0","356","369","202","0","11","0","7","0","0","2253"
"202203","화상상담","0","0","0","0","0","0","0","0","0","0","0","0","0","0","0","0","0","0"
"202202","SNS","0","0","0","0","2","2","0","0","0","3","32","0","5","0","5","5","0","54"
"202202","게시판","0","0","0","0","0","0","0","0","0","0","0","0","0","0","0","0","0","0"
"202202","방문","7","47","22","26","18","21","38","0","4","5","2","0","0","0","0","5","0","195"
"202202","이동상담","0","0","0","0","0","0","0","0","0","0","0","0","0","0","0","0","0","0"
"202202","이메일","0","30","0","0","0","0","0","0","0","0","0","0","0","0","0","3","0","33"
"202202","전화","27","253","47","138","270","238","102","0","256","255","169","0","16","0","17","19","0","1807"
"202202","화상상담","0","0","0","0","0","0","0","0","0","0","0","0","0","0","0","0","0","0"
"202201","SNS","0","0","1","0","6","6","0","0","0","5","64","0","2","0","0","8","0","92"
"202201","게시판","0","0","0","0","0","0","0","0","0","0","0","0","0","0","0","0","0","0"
"202201","방문","13","44","5","29","30","14","46","0","12","7","0","0","0","0","1","4","0","205"
"202201","이동상담","0","0","0","0","0","0","0","0","0","0","0","0","0","0","0","0","0","0"
"202201","이메일","0","30","2","0","0","1","0","0","0","0","0","0","0","0","0","1","0","34"
"202201","전화","29","202","66","143","305","191","107","0","342","301","79","0","10","0","18","7","0","1800"
"202201","화상상담","0","0","0","0","0","0","0","0","0","0","0","0","0","0","0","0","0","0"
"202112","SNS","0","0","1","0","2","0","0","0","0","1","12","0","5","0","0","6","0","27"
"202112","게시판","0","4","0","0","0","0","0","0","0","0","0","0","0","0","0","0","0","4"
"202112","방문","24","59","18","25","18","34","39","0","8","18","0","0","1","0","1","3","0","248"
"202112","이동상담","0","0","0","0","0","0","0","0","0","0","0","0","0","0","0","0","0","0"
"202112","이메일","15","131","3","0","0","1","0","0","0","0","0","0","0","0","0","1","0","151"
"202112","전화","40","215","57","214","269","174","141","0","322","369","98","0","19","0","21","12","0","1951"
"202112","화상상담","0","0","0","0","0","0","0","0","0","0","0","0","0","0","0","0","0","0"
"202111","SNS","0","4","1","0","3","3","1","0","1","5","97","0","6","0","4","7","0","132"
"202111","게시판","0","3","0","0","0","0","0","0","0","0","0","0","0","0","0","0","0","3"
"202111","방문","7","57","14","21","19","22","43","0","13","6","2","0","2","0","1","4","0","211"
"202111","이동상담","0","0","0","0","0","0","0","0","0","0","0","0","0","0","0","0","0","0"
"202111","이메일","0","33","0","0","0","0","0","0","0","0","2","0","2","0","0","4","0","41"
"202111","전화","30","234","45","149","211","189","145","0","375","379","202","0","27","0","16","15","0","2017"
"202111","화상상담","0","0","0","0","0","0","0","0","0","0","0","0","0","0","0","0","0","0"
"202110","SNS","0","3","4","1","7","5","0","0","0","7","115","0","0","0","4","4","0","150"
"202110","게시판","0","0","0","0","0","0","0","0","0","0","0","0","0","0","0","0","0","0"
"202110","방문","15","86","14","34","17","33","38","0","13","12","8","0","0","0","0","1","0","271"
"202110","이동상담","0","0","0","0","0","0","0","0","0","0","0","0","0","0","0","0","0","0"
"202110","이메일","8","143","1","3","0","0","0","0","1","0","1","0","0","0","1","2","0","160"
"202110","전화","34","243","60","167","264","189","199","0","403","404","172","0","20","0","19","15","0","2189"
"202110","화상상담","0","0","0","0","0","0","0","0","0","0","0","0","0","0","0","0","0","0"
"202109","SNS","0","2","2","0","1","2","0","0","0","5","124","0","2","0","8","4","0","150"
"202109","게시판","0","0","0","0","0","0","0","0","0","0","0","0","0","0","0","0","0","0"
"202109","방문","9","32","19","26","18","16","66","0","17","7","14","0","0","0","7","1","0","232"
"202109","이동상담","0","0","0","0","0","0","0","0","0","0","0","0","0","0","0","0","0","0"
"202109","이메일","4","46","0","0","0","0","0","0","0","0","3","0","0","0","1","3","0","57"
"202109","전화","31","210","43","189","231","118","238","0","336","325","226","0","16","0","15","17","0","1995"
"202109","화상상담","0","0","0","0","0","0","0","0","0","0","0","0","0","0","0","0","0","0"
"202108","SNS","0","4","0","0","4","2","0","0","0","5","337","0","6","0","0","7","0","365"
"202108","게시판","0","2","0","0","0","0","0","0","0","0","0","0","0","0","0","0","0","2"
"202108","방문","6","60","17","36","12","20","63","0","8","14","10","0","0","0","0","1","0","247"
"202108","이동상담","0","0","0","0","0","0","0","0","0","0","0","0","0","0","0","0","0","0"
"202108","이메일","8","345","1","0","0","0","0","0","0","0","1","0","1","0","0","1","0","357"
"202108","전화","52","567","79","489","242","286","208","0","372","457","566","0","52","0","0","12","0","3382"
"202108","화상상담","0","0","0","0","0","0","0","0","0","0","0","0","0","0","0","0","0","0"
"202107","SNS","0","4","3","0","6","0","0","0","0","0","45","0","2","0","0","6","0","66"
"202107","게시판","0","1","0","0","0","0","0","0","0","0","0","0","0","0","0","0","0","1"
"202107","방문","8","54","18","49","13","23","70","0","7","6","3","0","3","0","0","4","0","258"
"202107","이동상담","0","0","0","0","0","0","0","0","0","0","0","0","0","0","0","0","0","0"
"202107","이메일","20","253","1","1","0","0","0","0","0","0","0","0","1","0","0","3","0","279"
"202107","전화","70","356","79","460","358","305","238","0","321","205","277","0","18","0","0","7","0","2694"
"202107","화상상담","0","0","0","0","0","0","0","0","0","0","0","0","0","0","0","0","0","0"
"202106","SNS","0","2","1","0","3","0","0","0","0","0","59","0","0","0","0","3","0","68"
"202106","게시판","1","0","0","0","0","0","0","0","0","0","0","0","0","0","0","0","0","1"
"202106","방문","17","84","26","44","25","25","67","0","14","29","5","0","0","0","0","6","0","342"
"202106","이동상담","0","0","0","0","0","0","0","0","0","0","0","0","0","0","0","0","0","0"
"202106","이메일","2","32","0","1","0","0","0","0","0","0","1","0","3","0","0","2","0","41"
"202106","전화","44","189","47","233","168","220","117","0","340","261","115","0","25","0","0","17","0","1776"
"202106","화상상담","0","0","0","0","0","0","0","0","0","0","0","0","0","0","0","0","0","0"
"202105","SNS","0","0","1","0","2","2","1","0","0","0","71","0","1","0","0","3","0","81"
"202105","게시판","0","0","0","0","0","0","0","0","0","0","0","0","0","0","0","0","0","0"
"202105","방문","17","40","15","35","22","40","72","0","15","3","1","0","1","0","0","3","0","264"
"202105","이동상담","0","0","0","0","0","0","0","0","0","0","0","0","0","0","0","0","0","0"
"202105","이메일","1","11","3","0","0","0","0","0","0","0","2","0","1","0","0","11","0","29"
"202105","전화","44","261","47","191","211","187","131","0","355","130","145","0","15","0","4","16","0","1737"
"202105","화상상담","0","0","0","0","0","0","0","0","0","0","0","0","0","0","0","0","0","0"
"202104","SNS","0","5","0","0","6","5","0","0","0","0","49","0","0","0","16","4","0","85"
"202104","게시판","0","3","0","0","0","0","0","0","0","0","0","0","0","0","0","0","0","3"
"202104","방문","11","68","17","29","17","54","75","0","11","10","1","0","0","0","0","4","0","297"
"202104","이동상담","0","0","0","0","0","0","0","0","0","0","0","0","0","0","0","0","0","0"
"202104","이메일","1","46","1","0","0","0","0","0","0","1","1","0","3","0","0","6","0","59"
"202104","전화","47","297","66","163","303","353","122","0","394","247","165","0","15","0","74","13","0","2259"
"202104","화상상담","0","0","0","0","0","0","0","0","0","0","0","0","0","0","0","0","0","0"
"202103","SNS","0","0","2","0","2","0","1","0","0","0","87","0","0","0","0","2","0","94"
"202103","게시판","0","0","0","0","0","0","0","0","0","0","0","0","0","0","0","0","0","0"
"202103","방문","19","60","15","26","33","57","106","0","12","9","1","0","1","0","0","1","0","340"
"202103","이동상담","0","0","0","0","0","0","0","0","0","0","0","0","0","0","0","0","0","0"
"202103","이메일","7","48","0","0","0","1","1","0","0","0","3","0","2","0","0","1","0","63"
"202103","전화","34","297","75","191","306","285","151","0","397","194","160","0","15","0","16","17","0","2138"
"202103","화상상담","0","0","0","0","0","0","0","0","0","0","0","0","0","0","0","0","0","0"
"202102","SNS","0","0","0","0","3","0","0","0","0","0","57","0","0","0","1","3","0","64"
"202102","게시판","0","1","0","0","1","0","0","0","0","0","23","0","0","0","4","4","0","33"
"202102","방문","18","48","15","9","12","48","59","0","16","11","0","0","1","0","6","4","0","247"
"202102","이동상담","0","0","0","0","0","0","0","0","0","0","0","0","0","0","0","0","0","0"
"202102","이메일","16","71","0","0","0","0","1","0","1","0","0","0","0","0","0","3","0","92"
"202102","전화","30","159","50","122","167","208","87","0","281","273","90","0","18","0","16","4","0","1505"
"202102","화상상담","0","0","0","0","0","0","0","0","0","0","0","0","0","0","0","0","0","0"
"202101","방문","9","41","11","1","5","28","67","0","7","5","1","0","0","0","1","2","0","178"
"202101","이동상담","0","0","0","0","0","0","0","0","0","0","0","0","0","0","0","0","0","0"
"202101","이메일","36","226","4","0","0","0","0","0","0","0","3","0","0","0","0","0","0","269"
"202101","전화","40","273","66","158","200","308","157","0","494","168","174","0","28","0","34","17","0","2117"
"202101","홈페이지","0","1","0","0","4","0","0","0","0","0","115","0","0","0","8","6","0","134"
"202101","화상상담","0","0","0","0","0","0","0","0","0","0","0","0","0","0","0","0","0","0"
"202012","방문","1","15","7","2","0","19","35","0","1","1","0","0","0","0","0","0","0","81"
"202012","이동상담","0","0","0","0","0","0","0","0","0","0","0","0","0","0","0","0","0","0"
"202012","이메일","73","499","5","2","0","1","0","0","1","0","0","0","0","0","0","5","1","586"
"202012","전화","38","202","68","199","209","233","94","0","322","289","161","0","17","0","32","12","0","1876"
"202012","홈페이지","0","1","0","0","0","0","1","0","0","0","57","0","0","0","4","3","0","66"
"202012","화상상담","0","0","0","0","0","0","0","0","0","0","0","0","0","0","0","0","0","0"
"202011","방문","5","62","21","25","18","51","98","0","10","7","5","0","0","0","3","3","0","308"
"202011","이동상담","0","0","0","0","0","0","0","0","0","0","0","0","0","0","0","0","0","0"
"202011","이메일","8","125","7","1","0","0","0","0","0","0","0","0","0","0","0","6","0","147"
"202011","전화","56","191","61","240","211","179","72","0","409","231","165","0","23","0","37","11","1","1886"
"202011","홈페이지","0","0","0","0","3","0","0","0","0","0","69","0","0","0","11","6","0","89"
"202011","화상상담","0","0","0","0","0","0","0","0","0","0","0","0","0","0","0","0","0","0"
"202010","방문","7","52","19","17","6","77","83","0","12","9","2","0","0","0","2","1","0","287"
"202010","이동상담","0","0","0","0","0","0","0","0","0","0","0","0","0","0","0","0","0","0"
"202010","이메일","2","41","0","0","0","0","2","1","0","0","0","0","1","0","0","0","0","47"
"202010","전화","64","236","64","192","134","140","91","0","370","233","169","0","11","0","19","17","0","1740"
"202010","홈페이지","0","0","0","0","0","0","1","0","0","0","77","0","0","0","8","4","0","90"
"202010","화상상담","0","0","0","0","0","0","0","0","0","0","0","0","0","0","0","0","0","0"
"202009","방문","43","39","10","35","5","31","65","0","5","4","0","0","2","0","1","0","0","240"
"202009","이동상담","0","0","0","0","0","0","0","0","0","0","0","0","0","0","0","0","0","0"
"202009","이메일","21","73","0","1","0","0","1","0","0","0","1","0","0","0","0","3","0","100"
"202009","전화","483","612","180","558","327","306","234","0","586","332","258","0","27","0","34","20","0","3957"
"202009","홈페이지","0","2","0","0","0","0","0","0","0","1","126","0","0","0","12","12","0","153"
"202009","화상상담","0","0","0","0","0","0","0","0","0","0","0","0","0","0","0","0","0","0"
"202008","방문","6","35","15","25","32","44","254","0","7","11","4","1","0","0","2","3","0","439"
"202008","이동상담","0","0","0","0","0","0","0","0","0","0","0","0","0","0","0","0","0","0"
"202008","이메일","4","25","1","0","0","0","0","0","0","0","0","0","1","0","0","1","0","32"
"202008","전화","99","313","101","254","213","270","167","0","430","187","216","0","30","0","26","11","0","2317"
"202008","홈페이지","0","0","0","0","0","0","0","0","0","0","110","0","0","0","17","1","0","128"
"202008","화상상담","0","0","0","0","0","0","0","0","0","0","0","0","0","0","0","0","0","0"
"202007","방문","2","68","28","56","28","83","429","0","22","17","9","0","3","0","3","5","0","753"
"202007","이동상담","0","0","0","0","0","0","0","0","0","0","0","0","0","0","0","0","0","0"
"202007","이메일","0","32","2","0","0","0","1","0","0","0","0","0","3","0","0","1","0","39"
"202007","전화","81","324","79","274","259","266","110","0","597","268","189","0","34","0","35","21","0","2537"
"202007","홈페이지","0","0","0","0","0","0","0","0","0","0","72","0","0","0","18","1","0","91"
"202007","화상상담","0","0","0","0","0","0","0","0","0","0","0","0","0","0","0","0","0","0"
"202006","방문","3","60","21","27","35","76","464","0","9","14","6","0","7","0","1","7","0","730"
"202006","이동상담","0","0","0","0","0","0","0","0","0","0","0","0","0","0","0","0","0","0"
"202006","이메일","6","99","2","0","0","0","1","0","0","0","0","0","0","0","0","6","0","114"
"202006","전화","63","308","72","223","223","281","115","0","645","215","194","0","38","0","23","2","0","2402"
"202006","홈페이지","0","0","0","0","0","0","0","0","0","0","120","0","0","0","27","0","0","147"
"202006","화상상담","0","0","0","0","0","0","0","0","0","0","0","0","0","0","0","0","0","0"
"202005","방문","3","36","18","18","19","46","413","0","9","9","7","0","1","0","0","5","0","584"
"202005","이동상담","0","0","0","0","0","0","0","0","0","0","0","0","0","0","0","0","0","0"
"202005","이메일","10","122","2","0","0","0","2","0","0","1","0","0","0","0","0","5","0","142"
"202005","전화","68","264","58","219","205","268","84","0","569","156","173","0","31","0","11","8","0","2114"
"202005","홈페이지","0","3","0","0","0","0","0","0","0","0","63","0","0","0","8","1","0","75"
"202005","화상상담","0","0","0","0","0","0","0","0","0","0","0","0","0","0","0","0","0","0"
"202004","방문","1","31","6","22","25","34","456","0","14","11","8","0","1","0","1","1","0","611"
"202004","이동상담","0","0","0","0","0","0","0","0","0","0","0","0","0","0","0","0","0","0"
"202004","이메일","10","86","2","1","0","0","7","0","0","0","1","0","1","0","0","3","0","111"
"202004","전화","111","313","104","454","218","328","97","0","576","227","241","0","31","0","22","9","0","2731"
"202004","홈페이지","0","2","0","0","0","0","0","0","0","1","159","0","0","0","8","7","0","177"
"202004","화상상담","0","0","0","0","0","0","0","0","0","0","0","0","0","0","0","0","0","0"
"202003","방문","1","18","9","16","25","58","163","0","9","8","3","0","0","0","2","3","0","315"
"202003","이동상담","0","0","0","0","0","0","0","0","0","0","0","0","0","0","0","0","0","0"
"202003","이메일","2","79","0","1","0","0","4","0","0","0","1","0","3","0","0","3","0","93"
"202003","전화","57","216","82","253","197","313","154","0","616","134","209","0","26","0","16","14","0","2287"
"202003","홈페이지","0","0","0","0","0","0","0","0","0","0","59","0","0","0","10","1","0","70"
"202003","화상상담","0","0","0","0","0","0","0","0","0","0","0","0","0","0","0","0","0","0"
"202002","방문","12","59","17","45","40","97","78","0","10","19","5","1","1","0","2","17","2","403"
"202002","이동상담","0","0","0","0","0","0","0","0","0","0","0","0","0","0","0","0","0","0"
"202002","이메일","17","142","2","3","0","0","5","0","1","1","1","0","6","0","0","1","0","179"
"202002","전화","73","208","63","231","256","271","180","0","490","183","267","0","38","0","19","8","0","2287"
"202002","홈페이지","0","5","0","0","0","0","0","0","0","0","28","0","0","0","9","0","0","42"
"202002","화상상담","0","0","0","0","0","0","0","0","0","0","0","0","0","0","0","0","0","0"
"202001","방문","22","88","19","79","28","100","83","0","17","19","7","0","5","0","0","19","0","486"
"202001","이동상담","0","0","0","0","0","0","0","0","0","0","0","0","0","0","0","0","0","0"
"202001","이메일","1","33","0","0","0","0","7","0","0","1","0","0","3","0","0","4","0","49"
"202001","전화","68","274","66","99","176","244","157","0","445","231","275","0","35","0","24","6","0","2100"
"202001","홈페이지","0","0","0","0","0","0","0","0","0","0","0","0","0","0","9","1","0","10"
"202001","화상상담","0","0","0","0","0","0","0","0","0","0","0","0","0","0","0","0","0","0"
"201912","방문","23","78","20","80","21","34","35","0","21","14","12","0","3","0","6","12","0","359"
"201912","이동상담","0","0","0","0","0","0","0","0","0","0","0","0","0","0","0","0","0","0"
"201912","이메일","0","7","3","0","0","0","0","0","0","0","0","0","1","0","1","8","0","20"
"201912","전화","53","201","50","120","228","152","110","0","275","163","177","0","24","0","18","11","0","1582"
"201912","홈페이지","0","0","0","0","0","0","0","0","0","0","0","0","0","0","7","0","0","7"
"201912","화상상담","0","0","0","0","0","0","0","0","0","0","0","0","0","0","0","0","0","0"
"201911","방문","16","110","26","100","25","67","52","0","36","15","5","0","0","0","6","5","1","463"
"201911","이동상담","0","7","0","0","0","83","0","0","0","0","0","0","0","0","0","0","0","90"
"201911","이메일","1","9","0","1","0","0","0","0","0","0","0","0","3","0","0","2","0","16"
"201911","전화","55","209","63","108","204","239","90","0","433","221","184","0","24","0","11","4","0","1845"
"201911","홈페이지","0","0","0","0","0","0","0","0","0","0","0","0","0","0","5","0","0","5"
"201911","화상상담","0","0","0","0","0","0","0","0","0","0","0","0","0","0","0","0","0","0"
"201910","방문","25","131","34","95","25","98","72","0","49","16","12","0","5","0","5","6","0","573"
"201910","이동상담","111","0","0","0","0","181","0","0","0","0","0","0","0","0","0","0","0","292"
"201910","이메일","0","15","0","0","0","0","0","0","1","0","0","0","1","0","1","0","0","18"
"201910","전화","75","194","65","87","213","184","127","0","541","203","233","0","16","0","17","8","0","1963"
"201910","홈페이지","0","0","0","0","0","0","0","0","0","0","0","0","0","0","0","1","0","1"
"201910","화상상담","0","0","0","0","0","0","0","0","0","0","0","0","0","0","0","0","0","0"
"201909","방문","17","125","25","81","28","74","75","0","54","12","9","0","5","0","1","10","0","516"
"201909","이동상담","173","6","0","0","0","154","0","0","0","0","0","0","0","0","0","0","0","333"
"201909","이메일","0","22","0","0","0","0","0","0","0","1","0","0","6","0","10","1","0","40"
"201909","전화","56","261","66","130","174","136","117","0","555","148","161","0","24","0","10","15","0","1853"
"201909","홈페이지","0","0","0","0","0","0","0","0","0","0","0","0","0","0","0","3","0","3"
"201909","화상상담","0","0","0","0","0","0","0","0","0","0","0","0","0","0","0","0","0","0"
"201908","방문","20","143","42","75","29","129","80","0","39","24","8","0","4","0","9","11","0","613"
"201908","이동상담","0","0","0","0","0","0","0","0","0","0","0","0","0","0","0","0","0","0"
"201908","이메일","1","27","2","0","0","0","0","0","0","1","0","0","3","0","29","0","0","63"
"201908","전화","93","289","53","155","242","147","97","0","326","166","214","0","20","0","31","7","0","1840"
"201908","홈페이지","0","1","0","0","0","0","0","0","0","0","0","0","0","0","0","0","0","1"
"201908","화상상담","0","0","0","0","0","0","0","0","0","0","0","0","0","0","0","0","0","0"
"201907","방문","16","118","43","64","28","100","27","0","57","27","3","0","7","0","12","2","0","504"
"201907","이동상담","0","0","0","0","0","0","0","0","0","0","0","0","0","0","0","0","0","0"
"201907","이메일","2","75","1","0","0","0","0","0","0","0","0","0","0","0","10","3","0","91"
"201907","전화","61","347","66","133","234","258","112","0","560","223","164","0","24","0","29","10","0","2221"
"201907","홈페이지","0","2","0","0","0","0","0","0","0","0","0","0","0","0","0","0","0","2"
"201907","화상상담","0","0","0","0","0","0","0","0","0","0","0","0","0","0","0","0","0","0"